{
  "info": {
    "name": "AEO Core API",
    "schema": "https://schema.getpostman.com/json/collection/v2.1.0/collection.json"
  },
  "item": [
    {
      "name": "Health",
      "request": {
        "method": "GET",
        "url": "http://localhost:8080/health"
      }
    },
    {
      "name": "List Companies",
      "request": {
        "method": "GET",
        "url": "http://localhost:8080/api/companies"
      }
    },
    {
      "name": "List Roles",
      "request": {
        "method": "GET",
        "url": "http://localhost:8080/api/roles"
      }
    },
    {
      "name": "Record Consent",
      "request": {
        "method": "POST",
        "header": [
          {
            "key": "Content-Type",
            "value": "application/json"
          }
        ],
        "url": "http://localhost:8080/api/consents",
        "body": {
          "mode": "raw",
          "raw": "{\n  \"candidateId\": \"<candidate_uuid>\",\n  \"purpose\": \"outreach\",\n  \"channel\": \"email\",\n  \"granted\": true\n}"
        }
      }
    },
    {
      "name": "Create Invoice",
      "request": {
        "method": "POST",
        "header": [
          {
            "key": "Content-Type",
            "value": "application/json"
          }
        ],
        "url": "http://localhost:8080/api/invoices",
        "body": {
          "mode": "raw",
          "raw": "{\n  \"clientName\": \"Example Client\",\n  \"currency\": \"GBP\",\n  \"amountCents\": 2500000,\n  \"dueDays\": 30\n}"
        }
      }
    }
  ]
}